{
  "name": "scene5",
  "maxRecursionLevel": 6,
  "antiAliasingFactor": 1,
  "renderRefarctions": true,
  "renderReflections": true,
  "camera": {
    "cameraPosition": {
      "x": 0.0,
      "y": 0.0,
      "z": 2.0
    },
    "centerPoint": {
      "x": 0.0,
      "y": 0.0,
      "z": 1.0
    },
    "towardsVec": {
      "x": 0.0,
      "y": 0.0,
      "z": -1.0
    },
    "upVec": {
      "x": 0.7071067811865475,
      "y": 0.7071067811865475,
      "z": 0.0
    },
    "rightVec": {
      "x": 0.7071067811865475,
      "y": -0.7071067811865475,
      "z": 0.0
    },
    "distanceToPlain": 1.0,
    "viewWidth": 0.0,
    "Rx": 0.0,
    "Ry": 0.0
  },
  "ambient": {
    "x": 1.0,
    "y": 1.0,
    "z": 1.0
  },
  "backgroundColor": {
    "x": 0.0,
    "y": 0.5,
    "z": 1.0
  },
  "lightSources": [
    {
      "CLASSNAME": "edu.cg.scene.lightSources.DirectionalLight",
      "DATA": {
        "direction": {
          "x": 0.0,
          "y": 0.0,
          "z": -1.0
        },
        "intensity": {
          "x": 0.7,
          "y": 0.7,
          "z": 0.7
        }
      }
    }
  ],
  "surfaces": [
    {
      "shape": {
        "CLASSNAME": "edu.cg.scene.objects.Sphere",
        "DATA": {
          "center": {
            "x": 0.5,
            "y": 0.5,
            "z": 0.5
          },
          "radius": 0.5
        }
      },
      "material": {
        "Ka": {
          "x": 0.6837599848420168,
          "y": 0.8639009718689039,
          "z": 0.46738412443136257
        },
        "Kd": {
          "x": 0.6837599848420168,
          "y": 0.8639009718689039,
          "z": 0.46738412443136257
        },
        "Ks": {
          "x": 0.27688427776879115,
          "y": 0.27688427776879115,
          "z": 0.27688427776879115
        },
        "reflectionIntensity": 0.0,
        "shininess": 10,
        "isTransparent": false,
        "refractionIntensity": 0.3,
        "refractionIndex": 1.5
      }
    },
    {
      "shape": {
        "CLASSNAME": "edu.cg.scene.objects.Sphere",
        "DATA": {
          "center": {
            "x": -0.5,
            "y": 0.5,
            "z": 0.5
          },
          "radius": 0.5
        }
      },
      "material": {
        "Ka": {
          "x": 0.20998688126445364,
          "y": 0.5226027640362775,
          "z": 0.7604169236126086
        },
        "Kd": {
          "x": 0.20998688126445364,
          "y": 0.5226027640362775,
          "z": 0.7604169236126086
        },
        "Ks": {
          "x": 0.12530579782305568,
          "y": 0.12530579782305568,
          "z": 0.12530579782305568
        },
        "reflectionIntensity": 0.0,
        "shininess": 10,
        "isTransparent": false,
        "refractionIntensity": 0.3,
        "refractionIndex": 1.5
      }
    },
    {
      "shape": {
        "CLASSNAME": "edu.cg.scene.objects.Sphere",
        "DATA": {
          "center": {
            "x": 0.5,
            "y": -0.5,
            "z": 0.5
          },
          "radius": 0.5
        }
      },
      "material": {
        "Ka": {
          "x": 0.7898965372058733,
          "y": 0.6628589755063342,
          "z": 0.6597635860323269
        },
        "Kd": {
          "x": 0.7898965372058733,
          "y": 0.6628589755063342,
          "z": 0.6597635860323269
        },
        "Ks": {
          "x": 0.21031757225608955,
          "y": 0.21031757225608955,
          "z": 0.21031757225608955
        },
        "reflectionIntensity": 0.46354458160503603,
        "shininess": 10,
        "isTransparent": false,
        "refractionIntensity": 0.3,
        "refractionIndex": 1.5
      }
    },
    {
      "shape": {
        "CLASSNAME": "edu.cg.scene.objects.Sphere",
        "DATA": {
          "center": {
            "x": -0.5,
            "y": -0.5,
            "z": 0.5
          },
          "radius": 0.5
        }
      },
      "material": {
        "Ka": {
          "x": 0.8239814486337758,
          "y": 0.4076573229113889,
          "z": 0.3725050686555854
        },
        "Kd": {
          "x": 0.8239814486337758,
          "y": 0.4076573229113889,
          "z": 0.3725050686555854
        },
        "Ks": {
          "x": 0.19904272552580565,
          "y": 0.19904272552580565,
          "z": 0.19904272552580565
        },
        "reflectionIntensity": 0.41040879357144255,
        "shininess": 10,
        "isTransparent": true,
        "refractionIntensity": 0.06192721996755035,
        "refractionIndex": 1.3466386561350998
      }
    }
  ]
}